filas,repeticion,tam_csv_mb,tam_parquet_mb,t_csv_a_parquet_s,t_agregacion_s,t_total_s,filas_por_s,grupos_resultado,suma_procesos_analizados,suma_coincide_con_filas
72,1,0.0,0.0,1.173,1.391,2.565,28.1,36,72,True
72,2,0.0,0.0,0.404,0.737,1.141,63.1,36,72,True
72,3,0.0,0.0,0.322,0.589,0.911,79.0,36,72,True
10000,1,0.52,0.07,0.438,0.599,1.037,9640.3,36,10000,True
10000,2,0.52,0.07,0.457,0.506,0.963,10380.7,36,10000,True
10000,3,0.52,0.07,0.313,0.64,0.954,10487.4,36,10000,True
100000,1,5.31,0.59,0.685,0.627,1.312,76194.5,36,100000,True
100000,2,5.31,0.59,0.656,0.574,1.23,81292.5,36,100000,True
100000,3,5.31,0.59,0.528,0.661,1.189,84082.2,36,100000,True
1000000,1,54.12,5.64,2.155,0.814,2.969,336803.9,36,1000000,True
1000000,2,54.12,5.64,2.093,0.808,2.901,344708.8,36,1000000,True
1000000,3,54.12,5.64,2.179,0.734,2.913,343294.9,36,1000000,True
5000000,1,275.06,28.06,7.28,1.414,8.694,575129.0,36,5000000,True
5000000,2,275.06,28.06,7.161,1.447,8.608,580867.0,36,5000000,True
5000000,3,275.06,28.06,6.694,1.63,8.324,600674.5,36,5000000,True
