ubigeo,proceso_electoral,participacion_promedio,procesos_analizados
PIURA,Elecciones Regionales y Municipales,84.24000000000001,2
PIURA,Elecciones Generales,83.74666666666667,3
LIMA,Referéndum,80.69,1
CUSCO,Referéndum,79.92,1
PIURA,Referéndum,79.73,1
ANCASH,Elecciones Generales,78.50666666666667,3
LIMA,Elecciones Regionales y Municipales,78.465,2
LORETO,Elecciones Generales,77.26666666666667,3
LA LIBERTAD,Elecciones Generales,77.03666666666668,3
ICA,Referéndum,76.25,1
CUSCO,Elecciones Generales,75.66666666666667,3
LA LIBERTAD,Elecciones Regionales y Municipales,75.495,2
CUSCO,Elecciones Regionales y Municipales,75.145,2
ANCASH,Referéndum,74.33,1
LORETO,Elecciones Regionales y Municipales,74.03,2
ANCASH,Elecciones Regionales y Municipales,73.2,2
JUNIN,Elecciones Regionales y Municipales,72.63,2
LORETO,Referéndum,72.61,1
LIMA,Elecciones Generales,72.08,3
ICA,Elecciones Regionales y Municipales,70.555,2
JUNIN,Referéndum,70.43,1
SAN MARTIN,Referéndum,70.25,1
ICA,Elecciones Generales,69.76333333333334,3
LA LIBERTAD,Referéndum,68.35,1
CAJAMARCA,Elecciones Regionales y Municipales,68.055,2
SAN MARTIN,Elecciones Generales,67.81,3
PUNO,Referéndum,67.33,1
JUNIN,Elecciones Generales,66.50333333333333,3
SAN MARTIN,Elecciones Regionales y Municipales,65.58,2
CAJAMARCA,Referéndum,64.96,1
CAJAMARCA,Elecciones Generales,63.366666666666674,3
PUNO,Elecciones Generales,62.10333333333333,3
PUNO,Elecciones Regionales y Municipales,61.97,2
AREQUIPA,Elecciones Regionales y Municipales,59.365,2
AREQUIPA,Elecciones Generales,58.85666666666666,3
AREQUIPA,Referéndum,58.56,1
